{
  "type": "object",
  "title": "/// EpochState represents a trusted validator set to validate messages from the\n/// specific epoch, it could be updated with EpochChangeProof.\n#[derive(Clone, Deserialize, Eq, PartialEq, Serialize)]\n#[cfg_attr(any(test, feature = \"fuzzing\"), derive(Arbitrary))]",
  "properties": {
    "epoch": {
      "title": "epoch",
      "$ref": "#/components/schemas/u64"
    },
    "verifier": {
      "title": "verifier",
      "$ref": "#/components/schemas/crate__validator_verifier__ValidatorVerifier"
    },
    "vrf_seed": {
      "title": "vrf_seed",
      "items": {
        "title": "u8",
        "$ref": "#/components/schemas/u8"
      }
    }
  }
}