{
 "info": {
  "title": "Cfx",
  "description": " Cfx rpc interface.\n"
 },
 "methods": [
  {
   "name": "cfx_gasPrice",
   "summary": "/// Returns protocol version encoded as a string (quotes are\n    // necessary).        #[rpc(name = \"cfx_protocolVersion\")]\n    //        fn protocol_version(\u0026self) -\u003e JsonRpcResult\u003cString\u003e;\n    //\n    /// Returns the number of hashes per second that the node is mining with.\n    //        #[rpc(name = \"cfx_hashrate\")]\n    //        fn hashrate(\u0026self) -\u003e JsonRpcResult\u003cU256\u003e;\n\n    //        /// Returns block author.\n    //        #[rpc(name = \"cfx_coinbase\")]\n    //        fn author(\u0026self) -\u003e JsonRpcResult\u003cH160\u003e;\n\n    //        /// Returns true if client is actively mining new blocks.\n    //        #[rpc(name = \"cfx_mining\")]\n    //        fn is_mining(\u0026self) -\u003e JsonRpcResult\u003cbool\u003e;\n\n    /// Returns current gas price.\n    ",
   "result": {
    "schema": {
     "$ref": "#/components/schemas/U256"
    }
   }
  },
  {
   "name": "cfx_epochNumber",
   "summary": "/// Returns highest epoch number.\n    ",
   "params": [
    {
     "name": "epoch_number",
     "schema": {
      "$ref": "#/components/schemas/EpochNumber"
     }
    }
   ],
   "result": {
    "schema": {
     "$ref": "#/components/schemas/U256"
    }
   }
  },
  {
   "name": "cfx_getBalance",
   "summary": "/// Returns balance of the given account.\n    ",
   "params": [
    {
     "name": "addr",
     "required": true,
     "schema": {
      "$ref": "#/components/schemas/RpcAddress"
     }
    },
    {
     "name": "epoch_number",
     "schema": {
      "$ref": "#/components/schemas/EpochNumber"
     }
    }
   ],
   "result": {
    "schema": {
     "$ref": "#/components/schemas/U256"
    }
   }
  },
  {
   "name": "cfx_getAdmin",
   "summary": "/// Returns admin of the given contract\n    ",
   "params": [
    {
     "name": "addr",
     "required": true,
     "schema": {
      "$ref": "#/components/schemas/RpcAddress"
     }
    },
    {
     "name": "epoch_number",
     "schema": {
      "$ref": "#/components/schemas/EpochNumber"
     }
    }
   ],
   "result": {
    "schema": {
     "$ref": "#/components/schemas/RpcAddress"
    }
   }
  },
  {
   "name": "cfx_getSponsorInfo",
   "summary": "/// Returns sponsor information of the given contract\n    ",
   "params": [
    {
     "name": "addr",
     "required": true,
     "schema": {
      "$ref": "#/components/schemas/RpcAddress"
     }
    },
    {
     "name": "epoch_number",
     "schema": {
      "$ref": "#/components/schemas/EpochNumber"
     }
    }
   ],
   "result": {
    "schema": {
     "$ref": "#/components/schemas/SponsorInfo"
    }
   }
  },
  {
   "name": "cfx_getStakingBalance",
   "summary": "/// Returns balance of the given account.\n    ",
   "params": [
    {
     "name": "addr",
     "required": true,
     "schema": {
      "$ref": "#/components/schemas/RpcAddress"
     }
    },
    {
     "name": "epoch_number",
     "schema": {
      "$ref": "#/components/schemas/EpochNumber"
     }
    }
   ],
   "result": {
    "schema": {
     "$ref": "#/components/schemas/U256"
    }
   }
  },
  {
   "name": "cfx_getDepositList",
   "summary": "/// Returns deposit list of the given account.\n    ",
   "params": [
    {
     "name": "addr",
     "required": true,
     "schema": {
      "$ref": "#/components/schemas/RpcAddress"
     }
    },
    {
     "name": "epoch_number",
     "schema": {
      "$ref": "#/components/schemas/EpochNumber"
     }
    }
   ],
   "result": {
    "schema": {
     "$ref": "#/components/schemas/DepositInfo"
    }
   }
  },
  {
   "name": "cfx_getVoteList",
   "summary": "/// Returns vote list of the given account.\n    ",
   "params": [
    {
     "name": "addr",
     "required": true,
     "schema": {
      "$ref": "#/components/schemas/RpcAddress"
     }
    },
    {
     "name": "epoch_number",
     "schema": {
      "$ref": "#/components/schemas/EpochNumber"
     }
    }
   ],
   "result": {
    "schema": {
     "$ref": "#/components/schemas/VoteStakeInfo"
    }
   }
  },
  {
   "name": "cfx_getCollateralForStorage",
   "summary": "/// Returns balance of the given account.\n    ",
   "params": [
    {
     "name": "addr",
     "required": true,
     "schema": {
      "$ref": "#/components/schemas/RpcAddress"
     }
    },
    {
     "name": "epoch_number",
     "schema": {
      "$ref": "#/components/schemas/EpochNumber"
     }
    }
   ],
   "result": {
    "schema": {
     "$ref": "#/components/schemas/U256"
    }
   }
  },
  {
   "name": "cfx_getCode",
   "summary": "/// Returns the code at given address at given time (epoch number).\n    ",
   "params": [
    {
     "name": "addr",
     "required": true,
     "schema": {
      "$ref": "#/components/schemas/RpcAddress"
     }
    },
    {
     "name": "epoch_number",
     "schema": {
      "$ref": "#/components/schemas/EpochNumber"
     }
    }
   ],
   "result": {
    "schema": {
     "$ref": "#/components/schemas/Bytes"
    }
   }
  },
  {
   "name": "cfx_getStorageAt",
   "summary": "/// Returns storage entries from a given contract.\n    ",
   "params": [
    {
     "name": "addr",
     "required": true,
     "schema": {
      "$ref": "#/components/schemas/RpcAddress"
     }
    },
    {
     "name": "pos",
     "required": true,
     "schema": {
      "$ref": "#/components/schemas/U256"
     }
    },
    {
     "name": "epoch_number",
     "schema": {
      "$ref": "#/components/schemas/EpochNumber"
     }
    }
   ],
   "result": {
    "schema": {
     "$ref": "#/components/schemas/H256"
    }
   }
  },
  {
   "name": "cfx_getStorageRoot",
   "summary": "\n\n    ",
   "params": [
    {
     "name": "address",
     "required": true,
     "schema": {
      "$ref": "#/components/schemas/RpcAddress"
     }
    },
    {
     "name": "epoch_num",
     "schema": {
      "$ref": "#/components/schemas/EpochNumber"
     }
    }
   ],
   "result": {
    "schema": {
     "$ref": "#/components/schemas/StorageRoot"
    }
   }
  },
  {
   "name": "cfx_getBlockByHash",
   "summary": "/// Returns block with given hash.\n    ",
   "params": [
    {
     "name": "block_hash",
     "required": true,
     "schema": {
      "$ref": "#/components/schemas/H256"
     }
    },
    {
     "name": "include_txs",
     "required": true,
     "schema": {
      "$ref": "#/components/schemas/bool"
     }
    }
   ],
   "result": {
    "schema": {
     "$ref": "#/components/schemas/Block"
    }
   }
  },
  {
   "name": "cfx_getBlockByHashWithPivotAssumption",
   "summary": "/// Returns block with given hash and pivot chain assumption.\n    ",
   "params": [
    {
     "name": "block_hash",
     "required": true,
     "schema": {
      "$ref": "#/components/schemas/H256"
     }
    },
    {
     "name": "pivot_hash",
     "required": true,
     "schema": {
      "$ref": "#/components/schemas/H256"
     }
    },
    {
     "name": "epoch_number",
     "required": true,
     "schema": {
      "$ref": "#/components/schemas/U64"
     }
    }
   ],
   "result": {
    "schema": {
     "$ref": "#/components/schemas/Block"
    }
   }
  },
  {
   "name": "cfx_getBlockByEpochNumber",
   "summary": "/// Returns block with given epoch number.\n    ",
   "params": [
    {
     "name": "epoch_number",
     "required": true,
     "schema": {
      "$ref": "#/components/schemas/EpochNumber"
     }
    },
    {
     "name": "include_txs",
     "required": true,
     "schema": {
      "$ref": "#/components/schemas/bool"
     }
    }
   ],
   "result": {
    "schema": {
     "$ref": "#/components/schemas/Block"
    }
   }
  },
  {
   "name": "cfx_getBlockByBlockNumber",
   "summary": "/// Returns block with given block number.\n    ",
   "params": [
    {
     "name": "block_number",
     "required": true,
     "schema": {
      "$ref": "#/components/schemas/U64"
     }
    },
    {
     "name": "include_txs",
     "required": true,
     "schema": {
      "$ref": "#/components/schemas/bool"
     }
    }
   ],
   "result": {
    "schema": {
     "$ref": "#/components/schemas/Block"
    }
   }
  },
  {
   "name": "cfx_getBestBlockHash",
   "summary": "/// Returns best block hash.\n    ",
   "result": {
    "schema": {
     "$ref": "#/components/schemas/H256"
    }
   }
  },
  {
   "name": "cfx_getNextNonce",
   "summary": "/// Returns the nonce should be filled in next sending transaction from\n    /// given address at given time (epoch number).\n    ",
   "params": [
    {
     "name": "addr",
     "required": true,
     "schema": {
      "$ref": "#/components/schemas/RpcAddress"
     }
    },
    {
     "name": "epoch_number",
     "schema": {
      "$ref": "#/components/schemas/BlockHashOrEpochNumber"
     }
    }
   ],
   "result": {
    "schema": {
     "$ref": "#/components/schemas/U256"
    }
   }
  },
  {
   "name": "cfx_sendRawTransaction",
   "summary": "/// Returns the number of transactions in a block with given hash.\n    //        #[rpc(name = \"cfx_getBlockTransactionCountByHash\")]\n    //        fn block_transaction_count_by_hash(\u0026self, H256) -\u003e\n    // BoxFuture\u003cOption\u003cU256\u003e\u003e;\n\n    //        /// Returns the number of transactions in a block with given block\n    // number.        #[rpc(name = \"cfx_getBlockTransactionCountByNumber\")]\n    //        fn block_trasaction_count_by_number(\u0026self, BlockNumber) -\u003e\n    // BoxFuture\u003cOption\u003cU256\u003e\u003e;\n\n    /// Sends signed transaction, returning its hash.\n    ",
   "params": [
    {
     "name": "raw_tx",
     "required": true,
     "schema": {
      "$ref": "#/components/schemas/Bytes"
     }
    }
   ],
   "result": {
    "schema": {
     "$ref": "#/components/schemas/H256"
    }
   }
  },
  {
   "name": "cfx_call",
   "summary": "/// @alias of `cfx_sendRawTransaction`.\n    //        #[rpc(name = \"cfx_submitTransaction\")]\n    //        fn submit_transaction(\u0026self, Bytes) -\u003e JsonRpcResult\u003cH256\u003e;\n\n    /// Call contract, returning the output data.\n    ",
   "params": [
    {
     "name": "tx",
     "required": true,
     "schema": {
      "$ref": "#/components/schemas/CallRequest"
     }
    },
    {
     "name": "epoch_number",
     "schema": {
      "$ref": "#/components/schemas/EpochNumber"
     }
    }
   ],
   "result": {
    "schema": {
     "$ref": "#/components/schemas/Bytes"
    }
   }
  },
  {
   "name": "cfx_getLogs",
   "summary": "/// Returns logs matching the filter provided.\n    ",
   "params": [
    {
     "name": "filter",
     "required": true,
     "schema": {
      "$ref": "#/components/schemas/CfxRpcLogFilter"
     }
    }
   ],
   "result": {
    "schema": {
     "$ref": "#/components/schemas/Log"
    }
   }
  },
  {
   "name": "cfx_getTransactionByHash",
   "summary": "/// Get transaction by its hash.\n    ",
   "params": [
    {
     "name": "tx_hash",
     "required": true,
     "schema": {
      "$ref": "#/components/schemas/H256"
     }
    }
   ],
   "result": {
    "schema": {
     "$ref": "#/components/schemas/Transaction"
    }
   }
  },
  {
   "name": "cfx_getAccountPendingInfo",
   "summary": "/// Get transaction pending info by account address\n    ",
   "params": [
    {
     "name": "address",
     "required": true,
     "schema": {
      "$ref": "#/components/schemas/RpcAddress"
     }
    }
   ],
   "result": {
    "schema": {
     "$ref": "#/components/schemas/AccountPendingInfo"
    }
   }
  },
  {
   "name": "cfx_getAccountPendingTransactions",
   "summary": "/// Get transaction pending info by account address\n    ",
   "params": [
    {
     "name": "address",
     "required": true,
     "schema": {
      "$ref": "#/components/schemas/RpcAddress"
     }
    },
    {
     "name": "maybe_start_nonce",
     "schema": {
      "$ref": "#/components/schemas/U256"
     }
    },
    {
     "name": "maybe_limit",
     "schema": {
      "$ref": "#/components/schemas/U64"
     }
    }
   ],
   "result": {
    "schema": {
     "$ref": "#/components/schemas/AccountPendingTransactions"
    }
   }
  },
  {
   "name": "cfx_estimateGasAndCollateral",
   "summary": "/// Return estimated gas and collateral usage.\n    ",
   "params": [
    {
     "name": "request",
     "required": true,
     "schema": {
      "$ref": "#/components/schemas/CallRequest"
     }
    },
    {
     "name": "epoch_number",
     "schema": {
      "$ref": "#/components/schemas/EpochNumber"
     }
    }
   ],
   "result": {
    "schema": {
     "$ref": "#/components/schemas/EstimateGasAndCollateralResponse"
    }
   }
  },
  {
   "name": "cfx_checkBalanceAgainstTransaction",
   "summary": "/// Check if user balance is enough for the transaction.\n    ",
   "params": [
    {
     "name": "account_addr",
     "required": true,
     "schema": {
      "$ref": "#/components/schemas/RpcAddress"
     }
    },
    {
     "name": "contract_addr",
     "required": true,
     "schema": {
      "$ref": "#/components/schemas/RpcAddress"
     }
    },
    {
     "name": "gas_limit",
     "required": true,
     "schema": {
      "$ref": "#/components/schemas/U256"
     }
    },
    {
     "name": "gas_price",
     "required": true,
     "schema": {
      "$ref": "#/components/schemas/U256"
     }
    },
    {
     "name": "storage_limit",
     "required": true,
     "schema": {
      "$ref": "#/components/schemas/U256"
     }
    },
    {
     "name": "epoch",
     "schema": {
      "$ref": "#/components/schemas/EpochNumber"
     }
    }
   ],
   "result": {
    "schema": {
     "$ref": "#/components/schemas/CheckBalanceAgainstTransactionResponse"
    }
   }
  },
  {
   "name": "cfx_getBlocksByEpoch",
   "summary": "\n\n    ",
   "params": [
    {
     "name": "epoch_number",
     "required": true,
     "schema": {
      "$ref": "#/components/schemas/EpochNumber"
     }
    }
   ],
   "result": {
    "schema": {
     "$ref": "#/components/schemas/H256"
    }
   }
  },
  {
   "name": "cfx_getSkippedBlocksByEpoch",
   "summary": "\n\n    ",
   "params": [
    {
     "name": "epoch_number",
     "required": true,
     "schema": {
      "$ref": "#/components/schemas/EpochNumber"
     }
    }
   ],
   "result": {
    "schema": {
     "$ref": "#/components/schemas/H256"
    }
   }
  },
  {
   "name": "cfx_getTransactionReceipt",
   "summary": "\n\n    ",
   "params": [
    {
     "name": "tx_hash",
     "required": true,
     "schema": {
      "$ref": "#/components/schemas/H256"
     }
    }
   ],
   "result": {
    "schema": {
     "$ref": "#/components/schemas/Receipt"
    }
   }
  },
  {
   "name": "cfx_getAccount",
   "summary": "/// Return account related states of the given account\n    ",
   "params": [
    {
     "name": "address",
     "required": true,
     "schema": {
      "$ref": "#/components/schemas/RpcAddress"
     }
    },
    {
     "name": "epoch_num",
     "schema": {
      "$ref": "#/components/schemas/EpochNumber"
     }
    }
   ],
   "result": {
    "schema": {
     "$ref": "#/components/schemas/Account"
    }
   }
  },
  {
   "name": "cfx_getInterestRate",
   "summary": "/// Returns interest rate of the given epoch\n    ",
   "params": [
    {
     "name": "epoch_number",
     "schema": {
      "$ref": "#/components/schemas/EpochNumber"
     }
    }
   ],
   "result": {
    "schema": {
     "$ref": "#/components/schemas/U256"
    }
   }
  },
  {
   "name": "cfx_getAccumulateInterestRate",
   "summary": "/// Returns accumulate interest rate of the given epoch\n    ",
   "params": [
    {
     "name": "epoch_number",
     "schema": {
      "$ref": "#/components/schemas/EpochNumber"
     }
    }
   ],
   "result": {
    "schema": {
     "$ref": "#/components/schemas/U256"
    }
   }
  },
  {
   "name": "cfx_getPoSEconomics",
   "summary": "/// Returns accumulate interest rate of the given epoch\n    ",
   "params": [
    {
     "name": "epoch_number",
     "schema": {
      "$ref": "#/components/schemas/EpochNumber"
     }
    }
   ],
   "result": {
    "schema": {
     "$ref": "#/components/schemas/PoSEconomics"
    }
   }
  },
  {
   "name": "cfx_getConfirmationRiskByHash",
   "summary": "\n\n    ",
   "params": [
    {
     "name": "block_hash",
     "required": true,
     "schema": {
      "$ref": "#/components/schemas/H256"
     }
    }
   ],
   "result": {
    "schema": {
     "$ref": "#/components/schemas/U256"
    }
   }
  },
  {
   "name": "cfx_getStatus",
   "summary": "\n\n    ",
   "result": {
    "schema": {
     "$ref": "#/components/schemas/Status"
    }
   }
  },
  {
   "name": "cfx_getBlockRewardInfo",
   "summary": "/// Returns block reward information in an epoch\n    ",
   "params": [
    {
     "name": "num",
     "required": true,
     "schema": {
      "$ref": "#/components/schemas/EpochNumber"
     }
    }
   ],
   "result": {
    "schema": {
     "$ref": "#/components/schemas/RewardInfo"
    }
   }
  },
  {
   "name": "cfx_clientVersion",
   "summary": "/// Return the client version as a string\n    ",
   "result": {
    "schema": {
     "$ref": "#/components/schemas/String"
    }
   }
  },
  {
   "name": "cfx_getSupplyInfo",
   "summary": "/// Return information about total token supply.\n    ",
   "params": [
    {
     "name": "epoch_number",
     "schema": {
      "$ref": "#/components/schemas/EpochNumber"
     }
    }
   ],
   "result": {
    "schema": {
     "$ref": "#/components/schemas/TokenSupplyInfo"
    }
   }
  },
  {
   "name": "cfx_openedMethodGroups",
   "summary": "\n\n    ",
   "result": {
    "schema": {
     "$ref": "#/components/schemas/String"
    }
   }
  },
  {
   "name": "cfx_getPoSRewardByEpoch",
   "summary": "\n\n    ",
   "params": [
    {
     "name": "epoch",
     "required": true,
     "schema": {
      "$ref": "#/components/schemas/EpochNumber"
     }
    }
   ],
   "result": {
    "schema": {
     "$ref": "#/components/schemas/PoSEpochReward"
    }
   }
  }
 ],
 "components": {
  "schemas": {
   "Account": {
    "type": "string",
    "pattern": "^(NET\\d+|CFX|CFXTEST)(:TYPE\\..*|):[ABCDEFGHJKMNPRSTUVWXYZ0123456789]42)$"
   },
   "AccountPendingInfo": {
    "type": "object",
    "properties": {
     "local_nonce": {
      "title": "local_nonce",
      "$ref": "#/components/schemas/U256"
     },
     "next_pending_tx": {
      "title": "next_pending_tx",
      "$ref": "#/components/schemas/H256"
     },
     "pending_count": {
      "title": "pending_count",
      "$ref": "#/components/schemas/U256"
     },
     "pending_nonce": {
      "title": "pending_nonce",
      "$ref": "#/components/schemas/U256"
     }
    }
   },
   "AccountPendingTransactions": {
    "type": "object",
    "properties": {
     "first_tx_status": {
      "nullable": true,
      "title": "first_tx_status",
      "$ref": "#/components/schemas/TransactionStatus"
     },
     "pending_count": {
      "title": "pending_count",
      "$ref": "#/components/schemas/U64"
     },
     "pending_transactions": {
      "title": "pending_transactions",
      "items": {
       "title": "Transaction",
       "$ref": "#/components/schemas/Transaction"
      }
     }
    }
   },
   "Address": {
    "type": "string",
    "pattern": "^(NET\\d+|CFX|CFXTEST)(:TYPE\\..*|):[ABCDEFGHJKMNPRSTUVWXYZ0123456789]42)$"
   },
   "Block": {
    "type": "object",
    "properties": {
     "adaptive": {
      "title": "adaptive",
      "$ref": "#/components/schemas/bool"
     },
     "blame": {
      "title": "blame",
      "$ref": "#/components/schemas/U64"
     },
     "block_number": {
      "nullable": true,
      "title": "block_number",
      "$ref": "#/components/schemas/U256"
     },
     "custom": {
      "title": "custom",
      "items": {
       "title": "Bytes",
       "$ref": "#/components/schemas/Bytes"
      }
     },
     "deferred_logs_bloom_hash": {
      "title": "deferred_logs_bloom_hash",
      "$ref": "#/components/schemas/H256"
     },
     "deferred_receipts_root": {
      "title": "deferred_receipts_root",
      "$ref": "#/components/schemas/H256"
     },
     "deferred_state_root": {
      "title": "deferred_state_root",
      "$ref": "#/components/schemas/H256"
     },
     "difficulty": {
      "title": "difficulty",
      "$ref": "#/components/schemas/U256"
     },
     "epoch_number": {
      "nullable": true,
      "title": "epoch_number",
      "$ref": "#/components/schemas/U256"
     },
     "gas_limit": {
      "title": "gas_limit",
      "$ref": "#/components/schemas/U256"
     },
     "gas_used": {
      "nullable": true,
      "title": "gas_used",
      "$ref": "#/components/schemas/U256"
     },
     "hash": {
      "title": "hash",
      "$ref": "#/components/schemas/H256"
     },
     "height": {
      "title": "height",
      "$ref": "#/components/schemas/U256"
     },
     "miner": {
      "title": "miner",
      "$ref": "#/components/schemas/RpcAddress"
     },
     "nonce": {
      "title": "nonce",
      "$ref": "#/components/schemas/U256"
     },
     "parent_hash": {
      "title": "parent_hash",
      "$ref": "#/components/schemas/H256"
     },
     "pos_reference": {
      "nullable": true,
      "title": "pos_reference",
      "$ref": "#/components/schemas/PosBlockId"
     },
     "pow_quality": {
      "nullable": true,
      "title": "pow_quality",
      "$ref": "#/components/schemas/U256"
     },
     "referee_hashes": {
      "title": "referee_hashes",
      "items": {
       "title": "H256",
       "$ref": "#/components/schemas/H256"
      }
     },
     "size": {
      "nullable": true,
      "title": "size",
      "$ref": "#/components/schemas/U256"
     },
     "timestamp": {
      "title": "timestamp",
      "$ref": "#/components/schemas/U256"
     },
     "transactions": {
      "title": "transactions",
      "$ref": "#/components/schemas/BlockTransactions"
     },
     "transactions_root": {
      "title": "transactions_root",
      "$ref": "#/components/schemas/H256"
     }
    }
   },
   "BlockHashOrEpochNumber": {
    "oneOf": [
     {
      "title": "H256",
      "$ref": "#/components/schemas/H256"
     },
     {
      "title": "EpochNumber",
      "$ref": "#/components/schemas/EpochNumber"
     }
    ]
   },
   "BlockTransactions": {
    "oneOf": [
     {
      "items": {
       "title": "H256",
       "$ref": "#/components/schemas/H256"
      }
     },
     {
      "items": {
       "title": "Transaction",
       "$ref": "#/components/schemas/Transaction"
      }
     }
    ]
   },
   "Bloom": {
    "type": "string",
    "pattern": "^0x[0-9,a-f,A-F]{1024}$"
   },
   "Bytes": {
    "type": "string",
    "pattern": "^0x[0-9a-f]*$"
   },
   "CallRequest": {
    "type": "object",
    "title": "/// The MAX_GAS_CALL_REQUEST is one magnitude higher than block gas limit and\n/// not too high that a call_virtual consumes too much resource.\npub const MAX_GAS_CALL_REQUEST: u64 = 500_000_000;\n\n#[derive(Debug, Default, Deserialize, PartialEq, Serialize)]\n#[serde(rename_all = \"camelCase\")]",
    "properties": {
     "data": {
      "nullable": true,
      "title": "data",
      "$ref": "#/components/schemas/Bytes"
     },
     "from": {
      "nullable": true,
      "title": "from",
      "$ref": "#/components/schemas/RpcAddress"
     },
     "gas": {
      "nullable": true,
      "title": "gas",
      "$ref": "#/components/schemas/U256"
     },
     "gas_price": {
      "nullable": true,
      "title": "gas_price",
      "$ref": "#/components/schemas/U256"
     },
     "nonce": {
      "nullable": true,
      "title": "nonce",
      "$ref": "#/components/schemas/U256"
     },
     "storage_limit": {
      "nullable": true,
      "title": "storage_limit",
      "$ref": "#/components/schemas/U64"
     },
     "to": {
      "nullable": true,
      "title": "to",
      "$ref": "#/components/schemas/RpcAddress"
     },
     "value": {
      "nullable": true,
      "title": "value",
      "$ref": "#/components/schemas/U256"
     }
    }
   },
   "CfxRpcLogFilter": {
    "type": "object",
    "properties": {
     "address": {
      "nullable": true,
      "title": "address",
      "$ref": "#/components/schemas/VariadicValue%3CRpcAddress%3E"
     },
     "block_hashes": {
      "nullable": true,
      "title": "block_hashes",
      "items": {
       "title": "H256",
       "$ref": "#/components/schemas/H256"
      }
     },
     "from_block": {
      "nullable": true,
      "title": "from_block",
      "$ref": "#/components/schemas/U64"
     },
     "from_epoch": {
      "nullable": true,
      "title": "from_epoch",
      "$ref": "#/components/schemas/EpochNumber"
     },
     "limit": {
      "nullable": true,
      "title": "limit",
      "$ref": "#/components/schemas/U64"
     },
     "offset": {
      "nullable": true,
      "title": "offset",
      "$ref": "#/components/schemas/U64"
     },
     "to_block": {
      "nullable": true,
      "title": "to_block",
      "$ref": "#/components/schemas/U64"
     },
     "to_epoch": {
      "nullable": true,
      "title": "to_epoch",
      "$ref": "#/components/schemas/EpochNumber"
     },
     "topics": {
      "nullable": true,
      "title": "topics",
      "items": {
       "title": "VariadicValue\u003cH256\u003e",
       "$ref": "#/components/schemas/VariadicValue%3CH256%3E"
      }
     }
    }
   },
   "CheckBalanceAgainstTransactionResponse": {
    "type": "object",
    "properties": {
     "is_balance_enough": {
      "title": "is_balance_enough",
      "$ref": "#/components/schemas/bool"
     },
     "will_pay_collateral": {
      "title": "will_pay_collateral",
      "$ref": "#/components/schemas/bool"
     },
     "will_pay_tx_fee": {
      "title": "will_pay_tx_fee",
      "$ref": "#/components/schemas/bool"
     }
    }
   },
   "DepositInfo": {
    "type": "object",
    "properties": {
     "accumulated_interest_rate": {
      "title": "accumulated_interest_rate",
      "$ref": "#/components/schemas/U256"
     },
     "amount": {
      "title": "amount",
      "$ref": "#/components/schemas/U256"
     },
     "deposit_time": {
      "title": "deposit_time",
      "$ref": "#/components/schemas/u64"
     }
    }
   },
   "EpochNumber": {
    "title": "/// Represents rpc api epoch number param.\n#[derive(Debug, PartialEq, Clone, Hash, Eq)]",
    "enum": [
     "Earliest",
     "LatestCheckpoint",
     "LatestFinalized",
     "LatestConfirmed",
     "LatestState",
     "LatestMined"
    ],
    "oneOf": [
     {
      "title": "U64",
      "$ref": "#/components/schemas/U64"
     }
    ]
   },
   "EstimateGasAndCollateralResponse": {
    "type": "object",
    "properties": {
     "gas_limit": {
      "title": "gas_limit",
      "$ref": "#/components/schemas/U256"
     },
     "gas_used": {
      "title": "gas_used",
      "$ref": "#/components/schemas/U256"
     },
     "storage_collateralized": {
      "title": "storage_collateralized",
      "$ref": "#/components/schemas/U64"
     }
    }
   },
   "H256": {
    "type": "string",
    "pattern": "^0x[0-9,a-f,A-F]{64}$"
   },
   "Log": {
    "type": "object",
    "properties": {
     "address": {
      "title": "address",
      "$ref": "#/components/schemas/RpcAddress"
     },
     "block_hash": {
      "nullable": true,
      "title": "block_hash",
      "$ref": "#/components/schemas/H256"
     },
     "data": {
      "title": "data",
      "$ref": "#/components/schemas/Bytes"
     },
     "epoch_number": {
      "nullable": true,
      "title": "epoch_number",
      "$ref": "#/components/schemas/U256"
     },
     "log_index": {
      "nullable": true,
      "title": "log_index",
      "$ref": "#/components/schemas/U256"
     },
     "topics": {
      "title": "topics",
      "items": {
       "title": "H256",
       "$ref": "#/components/schemas/H256"
      }
     },
     "transaction_hash": {
      "nullable": true,
      "title": "transaction_hash",
      "$ref": "#/components/schemas/H256"
     },
     "transaction_index": {
      "nullable": true,
      "title": "transaction_index",
      "$ref": "#/components/schemas/U256"
     },
     "transaction_log_index": {
      "nullable": true,
      "title": "transaction_log_index",
      "$ref": "#/components/schemas/U256"
     }
    }
   },
   "PendingReason": {
    "enum": [
     "FutureNonce",
     "NotEnoughCash"
    ]
   },
   "PoSEconomics": {
    "type": "object",
    "properties": {
     "distributable_pos_interest": {
      "title": "distributable_pos_interest",
      "$ref": "#/components/schemas/U256"
     },
     "last_distribute_block": {
      "title": "last_distribute_block",
      "$ref": "#/components/schemas/U64"
     },
     "total_pos_staking_tokens": {
      "title": "total_pos_staking_tokens",
      "$ref": "#/components/schemas/U256"
     }
    }
   },
   "PoSEpochReward": {
    "type": "object",
    "properties": {
     "account_rewards": {
      "title": "account_rewards",
      "items": {
       "title": "Reward",
       "$ref": "#/components/schemas/Reward"
      }
     },
     "pow_epoch_hash": {
      "title": "pow_epoch_hash",
      "$ref": "#/components/schemas/H256"
     }
    }
   },
   "PosBlockId": {
    "type": "string",
    "pattern": "^0x[0-9,a-f,A-F]{64}$"
   },
   "Receipt": {
    "type": "object",
    "properties": {
     "block_hash": {
      "title": "block_hash",
      "$ref": "#/components/schemas/H256"
     },
     "contract_created": {
      "nullable": true,
      "title": "contract_created",
      "$ref": "#/components/schemas/RpcAddress"
     },
     "epoch_number": {
      "nullable": true,
      "title": "epoch_number",
      "$ref": "#/components/schemas/U64"
     },
     "from": {
      "title": "from",
      "$ref": "#/components/schemas/RpcAddress"
     },
     "gas_covered_by_sponsor": {
      "title": "gas_covered_by_sponsor",
      "$ref": "#/components/schemas/bool"
     },
     "gas_fee": {
      "title": "gas_fee",
      "$ref": "#/components/schemas/U256"
     },
     "gas_used": {
      "title": "gas_used",
      "$ref": "#/components/schemas/U256"
     },
     "index": {
      "title": "index",
      "$ref": "#/components/schemas/U64"
     },
     "logs": {
      "title": "logs",
      "items": {
       "title": "Log",
       "$ref": "#/components/schemas/Log"
      }
     },
     "logs_bloom": {
      "title": "logs_bloom",
      "$ref": "#/components/schemas/Bloom"
     },
     "outcome_status": {
      "title": "outcome_status",
      "$ref": "#/components/schemas/U64"
     },
     "state_root": {
      "title": "state_root",
      "$ref": "#/components/schemas/H256"
     },
     "storage_collateralized": {
      "title": "storage_collateralized",
      "$ref": "#/components/schemas/U64"
     },
     "storage_covered_by_sponsor": {
      "title": "storage_covered_by_sponsor",
      "$ref": "#/components/schemas/bool"
     },
     "storage_released": {
      "title": "storage_released",
      "items": {
       "title": "StorageChange",
       "$ref": "#/components/schemas/StorageChange"
      }
     },
     "to": {
      "nullable": true,
      "title": "to",
      "$ref": "#/components/schemas/RpcAddress"
     },
     "transaction_hash": {
      "title": "transaction_hash",
      "$ref": "#/components/schemas/H256"
     },
     "tx_exec_error_msg": {
      "nullable": true,
      "title": "tx_exec_error_msg",
      "$ref": "#/components/schemas/String"
     }
    }
   },
   "Reward": {
    "type": "object",
    "properties": {
     "pos_address": {
      "title": "pos_address",
      "$ref": "#/components/schemas/H256"
     },
     "pow_address": {
      "title": "pow_address",
      "$ref": "#/components/schemas/RpcAddress"
     },
     "reward": {
      "title": "reward",
      "$ref": "#/components/schemas/U256"
     }
    }
   },
   "RewardInfo": {
    "type": "object"
   },
   "RpcAddress": {
    "type": "string",
    "pattern": "^(NET\\d+|CFX|CFXTEST)(:TYPE\\..*|):[ABCDEFGHJKMNPRSTUVWXYZ0123456789]42)$"
   },
   "Space": {
    "enum": [
     "Native",
     "Ethereum"
    ]
   },
   "SponsorInfo": {
    "type": "object",
    "properties": {
     "sponsor_balance_for_collateral": {
      "title": "sponsor_balance_for_collateral",
      "$ref": "#/components/schemas/U256"
     },
     "sponsor_balance_for_gas": {
      "title": "sponsor_balance_for_gas",
      "$ref": "#/components/schemas/U256"
     },
     "sponsor_for_collateral": {
      "title": "sponsor_for_collateral",
      "$ref": "#/components/schemas/RpcAddress"
     },
     "sponsor_for_gas": {
      "title": "sponsor_for_gas",
      "$ref": "#/components/schemas/RpcAddress"
     },
     "sponsor_gas_bound": {
      "title": "sponsor_gas_bound",
      "$ref": "#/components/schemas/U256"
     }
    }
   },
   "Status": {
    "type": "object",
    "properties": {
     "best_hash": {
      "title": "best_hash",
      "$ref": "#/components/schemas/H256"
     },
     "block_number": {
      "title": "block_number",
      "$ref": "#/components/schemas/U64"
     },
     "chain_id": {
      "title": "chain_id",
      "$ref": "#/components/schemas/U64"
     },
     "epoch_number": {
      "title": "epoch_number",
      "$ref": "#/components/schemas/U64"
     },
     "ethereum_space_chain_id": {
      "title": "ethereum_space_chain_id",
      "$ref": "#/components/schemas/U64"
     },
     "latest_checkpoint": {
      "title": "latest_checkpoint",
      "$ref": "#/components/schemas/U64"
     },
     "latest_confirmed": {
      "title": "latest_confirmed",
      "$ref": "#/components/schemas/U64"
     },
     "latest_finalized": {
      "title": "latest_finalized",
      "$ref": "#/components/schemas/U64"
     },
     "latest_state": {
      "title": "latest_state",
      "$ref": "#/components/schemas/U64"
     },
     "network_id": {
      "title": "network_id",
      "$ref": "#/components/schemas/U64"
     },
     "pending_tx_number": {
      "title": "pending_tx_number",
      "$ref": "#/components/schemas/U64"
     }
    }
   },
   "StorageChange": {
    "type": "object",
    "properties": {
     "address": {
      "title": "address",
      "$ref": "#/components/schemas/Address"
     },
     "collaterals": {
      "title": "collaterals",
      "$ref": "#/components/schemas/U64"
     }
    }
   },
   "StorageRoot": {
    "type": "string",
    "pattern": "^0x[0-9,a-f,A-F]{64}$"
   },
   "String": {
    "type": "string",
    "pattern": "^.*$"
   },
   "TokenSupplyInfo": {
    "type": "object",
    "properties": {
     "total_circulating": {
      "title": "total_circulating",
      "$ref": "#/components/schemas/U256"
     },
     "total_collateral": {
      "title": "total_collateral",
      "$ref": "#/components/schemas/U256"
     },
     "total_issued": {
      "title": "total_issued",
      "$ref": "#/components/schemas/U256"
     },
     "total_staking": {
      "title": "total_staking",
      "$ref": "#/components/schemas/U256"
     }
    }
   },
   "Transaction": {
    "type": "object",
    "properties": {
     "block_hash": {
      "nullable": true,
      "title": "block_hash",
      "$ref": "#/components/schemas/H256"
     },
     "chain_id": {
      "nullable": true,
      "title": "chain_id",
      "$ref": "#/components/schemas/U256"
     },
     "contract_created": {
      "nullable": true,
      "title": "contract_created",
      "$ref": "#/components/schemas/RpcAddress"
     },
     "data": {
      "title": "data",
      "$ref": "#/components/schemas/Bytes"
     },
     "epoch_height": {
      "title": "epoch_height",
      "$ref": "#/components/schemas/U256"
     },
     "from": {
      "title": "from",
      "$ref": "#/components/schemas/RpcAddress"
     },
     "gas": {
      "title": "gas",
      "$ref": "#/components/schemas/U256"
     },
     "gas_price": {
      "title": "gas_price",
      "$ref": "#/components/schemas/U256"
     },
     "hash": {
      "title": "hash",
      "$ref": "#/components/schemas/H256"
     },
     "nonce": {
      "title": "nonce",
      "$ref": "#/components/schemas/U256"
     },
     "r": {
      "title": "r",
      "$ref": "#/components/schemas/U256"
     },
     "s": {
      "title": "s",
      "$ref": "#/components/schemas/U256"
     },
     "space": {
      "nullable": true,
      "title": "space",
      "$ref": "#/components/schemas/Space"
     },
     "status": {
      "nullable": true,
      "title": "status",
      "$ref": "#/components/schemas/U64"
     },
     "storage_limit": {
      "title": "storage_limit",
      "$ref": "#/components/schemas/U256"
     },
     "to": {
      "nullable": true,
      "title": "to",
      "$ref": "#/components/schemas/RpcAddress"
     },
     "transaction_index": {
      "nullable": true,
      "title": "transaction_index",
      "$ref": "#/components/schemas/U64"
     },
     "v": {
      "title": "v",
      "$ref": "#/components/schemas/U256"
     },
     "value": {
      "title": "value",
      "$ref": "#/components/schemas/U256"
     }
    }
   },
   "TransactionStatus": {
    "enum": [
     "Packed",
     "Ready"
    ],
    "oneOf": [
     {
      "title": "PendingReason",
      "$ref": "#/components/schemas/PendingReason"
     }
    ]
   },
   "U256": {
    "type": "string",
    "pattern": "^0x([1-9a-f][0-9a-f]{0,63}|0)$"
   },
   "U64": {
    "type": "string",
    "pattern": "^0x([1-9a-f][0-9a-f]{0,15}|0)$"
   },
   "VariadicValue%3CH256%3E": {
    "type": "string",
    "pattern": "^.*\u0026"
   },
   "VariadicValue%3CRpcAddress%3E": {
    "type": "string",
    "pattern": "^.*\u0026"
   },
   "VoteStakeInfo": {
    "type": "object",
    "properties": {
     "amount": {
      "title": "amount",
      "$ref": "#/components/schemas/U256"
     },
     "unlock_block_number": {
      "title": "unlock_block_number",
      "$ref": "#/components/schemas/u64"
     }
    }
   },
   "bool": {
    "type": "boolean"
   },
   "u64": {
    "type": "string",
    "pattern": "^[1-9]\\d*$"
   }
  }
 }
}