{
 "info": {
  "title": "Pos",
  "description": " PoS specific rpc interface.\n"
 },
 "methods": [
  {
   "name": "pos_getStatus",
   "summary": "\n    ",
   "result": {
    "schema": {
     "$ref": "#/components/schemas/Status"
    }
   }
  },
  {
   "name": "pos_getAccount",
   "summary": "\n\n    ",
   "params": [
    {
     "name": "address",
     "required": true,
     "schema": {
      "$ref": "#/components/schemas/H256"
     }
    },
    {
     "name": "view",
     "schema": {
      "$ref": "#/components/schemas/U64"
     }
    }
   ],
   "result": {
    "schema": {
     "$ref": "#/components/schemas/Account"
    }
   }
  },
  {
   "name": "pos_getCommittee",
   "summary": "\n\n    ",
   "params": [
    {
     "name": "view",
     "schema": {
      "$ref": "#/components/schemas/U64"
     }
    }
   ],
   "result": {
    "schema": {
     "$ref": "#/components/schemas/CommitteeState"
    }
   }
  },
  {
   "name": "pos_getBlockByHash",
   "summary": "\n\n    ",
   "params": [
    {
     "name": "hash",
     "required": true,
     "schema": {
      "$ref": "#/components/schemas/H256"
     }
    }
   ],
   "result": {
    "schema": {
     "$ref": "#/components/schemas/Block"
    }
   }
  },
  {
   "name": "pos_getBlockByNumber",
   "summary": "\n\n    ",
   "params": [
    {
     "name": "number",
     "required": true,
     "schema": {
      "$ref": "#/components/schemas/BlockNumber"
     }
    }
   ],
   "result": {
    "schema": {
     "$ref": "#/components/schemas/Block"
    }
   }
  },
  {
   "name": "pos_getTransactionByNumber",
   "summary": "\n\n    ",
   "params": [
    {
     "name": "number",
     "required": true,
     "schema": {
      "$ref": "#/components/schemas/U64"
     }
    }
   ],
   "result": {
    "schema": {
     "$ref": "#/components/schemas/Transaction"
    }
   }
  },
  {
   "name": "pos_getConsensusBlocks",
   "summary": "\n    ",
   "result": {
    "schema": {
     "$ref": "#/components/schemas/Block"
    }
   }
  },
  {
   "name": "pos_getEpochState",
   "summary": "\n    ",
   "params": [
    {
     "name": "epoch",
     "required": true,
     "schema": {
      "$ref": "#/components/schemas/U64"
     }
    }
   ],
   "result": {
    "schema": {
     "$ref": "#/components/schemas/EpochState"
    }
   }
  },
  {
   "name": "pos_getLedgerInfoByEpoch",
   "summary": "\n    ",
   "params": [
    {
     "name": "epoch",
     "required": true,
     "schema": {
      "$ref": "#/components/schemas/U64"
     }
    }
   ],
   "result": {
    "schema": {
     "$ref": "#/components/schemas/LedgerInfoWithSignatures"
    }
   }
  },
  {
   "name": "pos_getLedgerInfosByEpoch",
   "summary": "\n    ",
   "params": [
    {
     "name": "start_epoch",
     "required": true,
     "schema": {
      "$ref": "#/components/schemas/U64"
     }
    },
    {
     "name": "end_epoch",
     "required": true,
     "schema": {
      "$ref": "#/components/schemas/U64"
     }
    }
   ],
   "result": {
    "schema": {
     "$ref": "#/components/schemas/LedgerInfoWithSignatures"
    }
   }
  },
  {
   "name": "pos_getRewardsByEpoch",
   "summary": "\n\n    ",
   "params": [
    {
     "name": "epoch",
     "required": true,
     "schema": {
      "$ref": "#/components/schemas/U64"
     }
    }
   ],
   "result": {
    "schema": {
     "$ref": "#/components/schemas/PoSEpochReward"
    }
   }
  }
 ],
 "components": {
  "schemas": {
   "Account": {
    "type": "object",
    "properties": {
     "address": {
      "title": "address",
      "$ref": "#/components/schemas/H256"
     },
     "block_number": {
      "title": "block_number",
      "$ref": "#/components/schemas/U64"
     },
     "status": {
      "title": "status",
      "$ref": "#/components/schemas/NodeLockStatus"
     }
    }
   },
   "Block": {
    "type": "object",
    "properties": {
     "epoch": {
      "title": "epoch",
      "$ref": "#/components/schemas/U64"
     },
     "hash": {
      "title": "hash",
      "$ref": "#/components/schemas/H256"
     },
     "height": {
      "title": "height",
      "$ref": "#/components/schemas/U64"
     },
     "last_tx_number": {
      "title": "last_tx_number",
      "$ref": "#/components/schemas/U64"
     },
     "miner": {
      "nullable": true,
      "title": "miner",
      "$ref": "#/components/schemas/H256"
     },
     "parent_hash": {
      "title": "parent_hash",
      "$ref": "#/components/schemas/H256"
     },
     "pivot_decision": {
      "nullable": true,
      "title": "pivot_decision",
      "$ref": "#/components/schemas/Decision"
     },
     "round": {
      "title": "round",
      "$ref": "#/components/schemas/U64"
     },
     "signatures": {
      "title": "signatures",
      "items": {
       "title": "Signature",
       "$ref": "#/components/schemas/Signature"
      }
     },
     "timestamp": {
      "title": "timestamp",
      "$ref": "#/components/schemas/U64"
     }
    }
   },
   "BlockNumber": {
    "oneOf": [
     {
      "title": "Block number",
      "$ref": "#/components/schemas/U64"
     },
     {
      "title": "Block tag",
      "enum": [
       "earliest",
       "latest_committed",
       "latest_voted"
      ]
     }
    ]
   },
   "CommitteeState": {
    "type": "object",
    "properties": {
     "current_committee": {
      "title": "current_committee",
      "$ref": "#/components/schemas/RpcCommittee"
     },
     "elections": {
      "title": "elections",
      "items": {
       "title": "RpcTermData",
       "$ref": "#/components/schemas/RpcTermData"
      }
     }
    }
   },
   "ConflictingVotes": {
    "type": "object",
    "properties": {
     "conflict_vote_type": {
      "title": "conflict_vote_type",
      "$ref": "#/components/schemas/String"
     },
     "first": {
      "title": "first",
      "$ref": "#/components/schemas/String"
     },
     "second": {
      "title": "second",
      "$ref": "#/components/schemas/String"
     }
    }
   },
   "Decision": {
    "type": "object",
    "properties": {
     "block_hash": {
      "title": "block_hash",
      "$ref": "#/components/schemas/H256"
     },
     "height": {
      "title": "height",
      "$ref": "#/components/schemas/U64"
     }
    }
   },
   "DisputePayload": {
    "type": "object",
    "properties": {
     "address": {
      "title": "address",
      "$ref": "#/components/schemas/H256"
     },
     "bls_public_key": {
      "title": "bls_public_key",
      "$ref": "#/components/schemas/String"
     },
     "conflicting_votes": {
      "title": "conflicting_votes",
      "$ref": "#/components/schemas/ConflictingVotes"
     },
     "vrf_public_key": {
      "title": "vrf_public_key",
      "$ref": "#/components/schemas/String"
     }
    }
   },
   "ElectionPayload": {
    "type": "object",
    "properties": {
     "public_key": {
      "title": "public_key",
      "$ref": "#/components/schemas/String"
     },
     "target_term": {
      "title": "target_term",
      "$ref": "#/components/schemas/U64"
     },
     "vrf_proof": {
      "title": "vrf_proof",
      "$ref": "#/components/schemas/String"
     },
     "vrf_public_key": {
      "title": "vrf_public_key",
      "$ref": "#/components/schemas/String"
     }
    }
   },
   "EpochState": {
    "type": "object",
    "title": "/// EpochState represents a trusted validator set to validate messages from the\n/// specific epoch, it could be updated with EpochChangeProof.\n#[derive(Clone, Deserialize, Eq, PartialEq, Serialize)]\n#[cfg_attr(any(test, feature = \"fuzzing\"), derive(Arbitrary))]",
    "properties": {
     "epoch": {
      "title": "epoch",
      "$ref": "#/components/schemas/u64"
     },
     "verifier": {
      "title": "verifier",
      "$ref": "#/components/schemas/ValidatorVerifier"
     },
     "vrf_seed": {
      "title": "vrf_seed",
      "items": {
       "title": "u8",
       "$ref": "#/components/schemas/u8"
      }
     }
    }
   },
   "H256": {
    "type": "string",
    "pattern": "^0x[0-9,a-f,A-F]{64}$"
   },
   "LedgerInfoWithSignatures": {
    "title": "/// data being persisted.\n#[derive(Clone, Debug, Eq, PartialEq, Serialize, Deserialize)]",
    "oneOf": [
     {
      "title": "LedgerInfoWithV0",
      "$ref": "#/components/schemas/LedgerInfoWithV0"
     }
    ]
   },
   "LedgerInfoWithV0": {
    "type": "object",
    "title": "/// The validator node returns this structure which includes signatures\n/// from validators that confirm the state.  The client needs to only pass back\n/// the LedgerInfo element since the validator node doesn't need to know the\n/// signatures again when the client performs a query, those are only there for\n/// the client to be able to verify the state\n#[derive(Clone, Debug, Eq, PartialEq, Serialize, Deserialize)]"
   },
   "NodeLockStatus": {
    "type": "object",
    "properties": {
     "available_votes": {
      "title": "available_votes",
      "$ref": "#/components/schemas/U64"
     },
     "force_retired": {
      "nullable": true,
      "title": "force_retired",
      "$ref": "#/components/schemas/U64"
     },
     "forfeited": {
      "title": "forfeited",
      "$ref": "#/components/schemas/U64"
     },
     "in_queue": {
      "title": "in_queue",
      "items": {
       "title": "VotePowerState",
       "$ref": "#/components/schemas/VotePowerState"
      }
     },
     "locked": {
      "title": "locked",
      "$ref": "#/components/schemas/U64"
     },
     "out_queue": {
      "title": "out_queue",
      "items": {
       "title": "VotePowerState",
       "$ref": "#/components/schemas/VotePowerState"
      }
     },
     "unlocked": {
      "title": "unlocked",
      "$ref": "#/components/schemas/U64"
     }
    }
   },
   "NodeVotingPower": {
    "type": "object",
    "properties": {
     "address": {
      "title": "address",
      "$ref": "#/components/schemas/H256"
     },
     "voting_power": {
      "title": "voting_power",
      "$ref": "#/components/schemas/U64"
     }
    }
   },
   "PivotDecisionPayload": {
    "type": "object",
    "properties": {
     "block_hash": {
      "title": "block_hash",
      "$ref": "#/components/schemas/H256"
     },
     "height": {
      "title": "height",
      "$ref": "#/components/schemas/U64"
     }
    }
   },
   "PoSEpochReward": {
    "type": "object",
    "properties": {
     "account_rewards": {
      "title": "account_rewards",
      "items": {
       "title": "Reward",
       "$ref": "#/components/schemas/Reward"
      }
     },
     "pow_epoch_hash": {
      "title": "pow_epoch_hash",
      "$ref": "#/components/schemas/H256"
     }
    }
   },
   "RegisterPayload": {
    "type": "object",
    "properties": {
     "public_key": {
      "title": "public_key",
      "$ref": "#/components/schemas/String"
     },
     "vrf_public_key": {
      "title": "vrf_public_key",
      "$ref": "#/components/schemas/String"
     }
    }
   },
   "RetirePayload": {
    "type": "object",
    "properties": {
     "address": {
      "title": "address",
      "$ref": "#/components/schemas/H256"
     },
     "voting_power": {
      "title": "voting_power",
      "$ref": "#/components/schemas/U64"
     }
    }
   },
   "Reward": {
    "type": "object",
    "properties": {
     "pos_address": {
      "title": "pos_address",
      "$ref": "#/components/schemas/H256"
     },
     "pow_address": {
      "title": "pow_address",
      "$ref": "#/components/schemas/RpcAddress"
     },
     "reward": {
      "title": "reward",
      "$ref": "#/components/schemas/U256"
     }
    }
   },
   "RpcAddress": {
    "type": "string",
    "pattern": "^(NET\\d+|CFX|CFXTEST)(:TYPE\\..*|):[ABCDEFGHJKMNPRSTUVWXYZ0123456789]42)$"
   },
   "RpcCommittee": {
    "type": "object",
    "properties": {
     "epoch_number": {
      "title": "epoch_number",
      "$ref": "#/components/schemas/U64"
     },
     "nodes": {
      "title": "nodes",
      "items": {
       "title": "NodeVotingPower",
       "$ref": "#/components/schemas/NodeVotingPower"
      }
     },
     "quorum_voting_power": {
      "title": "quorum_voting_power",
      "$ref": "#/components/schemas/U64"
     },
     "total_voting_power": {
      "title": "total_voting_power",
      "$ref": "#/components/schemas/U64"
     }
    }
   },
   "RpcTermData": {
    "type": "object",
    "properties": {
     "is_finalized": {
      "title": "is_finalized",
      "$ref": "#/components/schemas/bool"
     },
     "start_block_number": {
      "title": "start_block_number",
      "$ref": "#/components/schemas/U64"
     },
     "top_electing_nodes": {
      "title": "top_electing_nodes",
      "items": {
       "title": "NodeVotingPower",
       "$ref": "#/components/schemas/NodeVotingPower"
      }
     }
    }
   },
   "RpcTransactionPayload": {
    "enum": [
     "Other"
    ],
    "oneOf": [
     {
      "title": "RegisterPayload",
      "$ref": "#/components/schemas/RegisterPayload"
     },
     {
      "title": "ElectionPayload",
      "$ref": "#/components/schemas/ElectionPayload"
     },
     {
      "title": "UpdateVotingPowerPayload",
      "$ref": "#/components/schemas/UpdateVotingPowerPayload"
     },
     {
      "title": "PivotDecisionPayload",
      "$ref": "#/components/schemas/PivotDecisionPayload"
     },
     {
      "title": "RetirePayload",
      "$ref": "#/components/schemas/RetirePayload"
     },
     {
      "title": "DisputePayload",
      "$ref": "#/components/schemas/DisputePayload"
     }
    ]
   },
   "RpcTransactionStatus": {
    "enum": [
     "Executed",
     "Failed",
     "Discard"
    ]
   },
   "RpcTransactionType": {
    "enum": [
     "BlockMetadata",
     "Election",
     "Retire",
     "Register",
     "UpdateVotingPower",
     "PivotDecision",
     "Dispute",
     "Other"
    ]
   },
   "Signature": {
    "type": "object",
    "properties": {
     "account": {
      "title": "account",
      "$ref": "#/components/schemas/H256"
     },
     "signature": {
      "title": "signature",
      "$ref": "#/components/schemas/String"
     },
     "votes": {
      "title": "votes",
      "$ref": "#/components/schemas/U64"
     }
    }
   },
   "Status": {
    "type": "object",
    "properties": {
     "epoch": {
      "title": "epoch",
      "$ref": "#/components/schemas/U64"
     },
     "latest_committed": {
      "title": "latest_committed",
      "$ref": "#/components/schemas/U64"
     },
     "latest_tx_number": {
      "title": "latest_tx_number",
      "$ref": "#/components/schemas/U64"
     },
     "latest_voted": {
      "nullable": true,
      "title": "latest_voted",
      "$ref": "#/components/schemas/U64"
     },
     "pivot_decision": {
      "title": "pivot_decision",
      "$ref": "#/components/schemas/Decision"
     }
    }
   },
   "String": {
    "type": "string",
    "pattern": "^.*$"
   },
   "Transaction": {
    "type": "object",
    "properties": {
     "block_hash": {
      "nullable": true,
      "title": "block_hash",
      "$ref": "#/components/schemas/H256"
     },
     "block_number": {
      "nullable": true,
      "title": "block_number",
      "$ref": "#/components/schemas/U64"
     },
     "from": {
      "title": "from",
      "$ref": "#/components/schemas/H256"
     },
     "hash": {
      "title": "hash",
      "$ref": "#/components/schemas/H256"
     },
     "number": {
      "title": "number",
      "$ref": "#/components/schemas/U64"
     },
     "payload": {
      "nullable": true,
      "title": "payload",
      "$ref": "#/components/schemas/RpcTransactionPayload"
     },
     "status": {
      "nullable": true,
      "title": "status",
      "$ref": "#/components/schemas/RpcTransactionStatus"
     },
     "timestamp": {
      "nullable": true,
      "title": "timestamp",
      "$ref": "#/components/schemas/U64"
     },
     "tx_type": {
      "title": "tx_type",
      "$ref": "#/components/schemas/RpcTransactionType"
     }
    }
   },
   "U256": {
    "type": "string",
    "pattern": "^0x([1-9a-f][0-9a-f]{0,63}|0)$"
   },
   "U64": {
    "type": "string",
    "pattern": "^0x([1-9a-f][0-9a-f]{0,15}|0)$"
   },
   "UpdateVotingPowerPayload": {
    "type": "object",
    "properties": {
     "address": {
      "title": "address",
      "$ref": "#/components/schemas/H256"
     },
     "voting_power": {
      "title": "voting_power",
      "$ref": "#/components/schemas/U64"
     }
    }
   },
   "ValidatorVerifier": {
    "type": "object",
    "title": "/// Supports validation of signatures for known authors with individual voting\n/// powers. This struct can be used for all signature verification operations\n/// including block and network signature verification, respectively.\n#[derive(Clone, Debug, Deserialize, Eq, PartialEq, Serialize)]\n#[cfg_attr(any(test, feature = \"fuzzing\"), derive(Arbitrary))]"
   },
   "VotePowerState": {
    "type": "object",
    "properties": {
     "end_block_number": {
      "title": "end_block_number",
      "$ref": "#/components/schemas/U64"
     },
     "power": {
      "title": "power",
      "$ref": "#/components/schemas/U64"
     }
    }
   },
   "bool": {
    "type": "boolean"
   },
   "u64": {
    "type": "string",
    "pattern": "^[1-9]\\d*$"
   },
   "u8": {
    "type": "string",
    "pattern": "^[1-9]\\d*$"
   }
  }
 }
}