{
  "type": "object",
  "properties": {
    "first_tx_status": {
      "nullable": true,
      "title": "first_tx_status",
      "$ref": "#/components/schemas/cfxcore__transaction_pool__TransactionStatus"
    },
    "pending_count": {
      "title": "pending_count",
      "$ref": "#/components/schemas/U64"
    },
    "pending_transactions": {
      "title": "pending_transactions",
      "items": {
        "title": "Transaction",
        "$ref": "#/components/schemas/super__Transaction"
      }
    }
  }
}