{
  "type": "object",
  "title": "/// The MAX_GAS_CALL_REQUEST is one magnitude higher than block gas limit and\n/// not too high that a call_virtual consumes too much resource.\npub const MAX_GAS_CALL_REQUEST: u64 = 500_000_000;\n\n#[derive(Debug, Default, Deserialize, PartialEq, Serialize)]\n#[serde(rename_all = \"camelCase\")]",
  "properties": {
    "data": {
      "nullable": true,
      "title": "data",
      "$ref": "#/components/schemas/Bytes"
    },
    "from": {
      "nullable": true,
      "title": "from",
      "$ref": "#/components/schemas/RpcAddress"
    },
    "gas": {
      "nullable": true,
      "title": "gas",
      "$ref": "#/components/schemas/U256"
    },
    "gas_price": {
      "nullable": true,
      "title": "gas_price",
      "$ref": "#/components/schemas/U256"
    },
    "nonce": {
      "nullable": true,
      "title": "nonce",
      "$ref": "#/components/schemas/U256"
    },
    "storage_limit": {
      "nullable": true,
      "title": "storage_limit",
      "$ref": "#/components/schemas/U64"
    },
    "to": {
      "nullable": true,
      "title": "to",
      "$ref": "#/components/schemas/RpcAddress"
    },
    "value": {
      "nullable": true,
      "title": "value",
      "$ref": "#/components/schemas/U256"
    }
  }
}