{
  "type": "object",
  "properties": {
    "address": {
      "nullable": true,
      "title": "address",
      "$ref": "#/components/schemas/VariadicValue%3CRpcAddress%3E"
    },
    "block_hashes": {
      "nullable": true,
      "title": "block_hashes",
      "items": {
        "title": "H256",
        "$ref": "#/components/schemas/H256"
      }
    },
    "from_block": {
      "nullable": true,
      "title": "from_block",
      "$ref": "#/components/schemas/U64"
    },
    "from_epoch": {
      "nullable": true,
      "title": "from_epoch",
      "$ref": "#/components/schemas/primitives__EpochNumber"
    },
    "limit": {
      "nullable": true,
      "title": "limit",
      "$ref": "#/components/schemas/U64"
    },
    "offset": {
      "nullable": true,
      "title": "offset",
      "$ref": "#/components/schemas/U64"
    },
    "to_block": {
      "nullable": true,
      "title": "to_block",
      "$ref": "#/components/schemas/U64"
    },
    "to_epoch": {
      "nullable": true,
      "title": "to_epoch",
      "$ref": "#/components/schemas/super__EpochNumber"
    },
    "topics": {
      "nullable": true,
      "title": "topics",
      "items": {
        "title": "VariadicValue\u003cH256\u003e",
        "$ref": "#/components/schemas/VariadicValue%3CH256%3E"
      }
    }
  }
}