{
  "type": "object",
  "properties": {
    "address": {
      "title": "address",
      "$ref": "#/components/schemas/RpcAddress"
    },
    "block_hash": {
      "nullable": true,
      "title": "block_hash",
      "$ref": "#/components/schemas/H256"
    },
    "data": {
      "title": "data",
      "$ref": "#/components/schemas/Bytes"
    },
    "epoch_number": {
      "nullable": true,
      "title": "epoch_number",
      "$ref": "#/components/schemas/U256"
    },
    "log_index": {
      "nullable": true,
      "title": "log_index",
      "$ref": "#/components/schemas/U256"
    },
    "topics": {
      "title": "topics",
      "items": {
        "title": "H256",
        "$ref": "#/components/schemas/H256"
      }
    },
    "transaction_hash": {
      "nullable": true,
      "title": "transaction_hash",
      "$ref": "#/components/schemas/H256"
    },
    "transaction_index": {
      "nullable": true,
      "title": "transaction_index",
      "$ref": "#/components/schemas/U256"
    },
    "transaction_log_index": {
      "nullable": true,
      "title": "transaction_log_index",
      "$ref": "#/components/schemas/U256"
    }
  }
}