{
  "type": "object",
  "properties": {
    "block_hash": {
      "title": "block_hash",
      "$ref": "#/components/schemas/H256"
    },
    "contract_created": {
      "nullable": true,
      "title": "contract_created",
      "$ref": "#/components/schemas/RpcAddress"
    },
    "epoch_number": {
      "nullable": true,
      "title": "epoch_number",
      "$ref": "#/components/schemas/U64"
    },
    "from": {
      "title": "from",
      "$ref": "#/components/schemas/RpcAddress"
    },
    "gas_covered_by_sponsor": {
      "title": "gas_covered_by_sponsor",
      "$ref": "#/components/schemas/bool"
    },
    "gas_fee": {
      "title": "gas_fee",
      "$ref": "#/components/schemas/U256"
    },
    "gas_used": {
      "title": "gas_used",
      "$ref": "#/components/schemas/U256"
    },
    "index": {
      "title": "index",
      "$ref": "#/components/schemas/U64"
    },
    "logs": {
      "title": "logs",
      "items": {
        "title": "Log",
        "$ref": "#/components/schemas/crate__rpc__types__Log"
      }
    },
    "logs_bloom": {
      "title": "logs_bloom",
      "$ref": "#/components/schemas/Bloom"
    },
    "outcome_status": {
      "title": "outcome_status",
      "$ref": "#/components/schemas/U64"
    },
    "state_root": {
      "title": "state_root",
      "$ref": "#/components/schemas/H256"
    },
    "storage_collateralized": {
      "title": "storage_collateralized",
      "$ref": "#/components/schemas/U64"
    },
    "storage_covered_by_sponsor": {
      "title": "storage_covered_by_sponsor",
      "$ref": "#/components/schemas/bool"
    },
    "storage_released": {
      "title": "storage_released",
      "items": {
        "title": "StorageChange",
        "$ref": "#/components/schemas/primitives__receipt__StorageChange"
      }
    },
    "to": {
      "nullable": true,
      "title": "to",
      "$ref": "#/components/schemas/RpcAddress"
    },
    "transaction_hash": {
      "title": "transaction_hash",
      "$ref": "#/components/schemas/H256"
    },
    "tx_exec_error_msg": {
      "nullable": true,
      "title": "tx_exec_error_msg",
      "$ref": "#/components/schemas/String"
    }
  }
}