{
  "type": "object",
  "title": "/// This is the address type used in Rpc. It deserializes user's Rpc input, or\n/// it prepares the base32 address for Rpc output.\n#[derive(Clone, Debug, PartialEq, Eq, Hash)]",
  "properties": {
    "base32_address": {
      "title": "base32_address",
      "$ref": "#/components/schemas/String"
    },
    "hex_address": {
      "title": "hex_address",
      "$ref": "#/components/schemas/H160"
    },
    "network": {
      "title": "network",
      "$ref": "#/components/schemas/Network"
    }
  }
}