{
  "type": "object",
  "properties": {
    "sponsor_balance_for_collateral": {
      "title": "sponsor_balance_for_collateral",
      "$ref": "#/components/schemas/U256"
    },
    "sponsor_balance_for_gas": {
      "title": "sponsor_balance_for_gas",
      "$ref": "#/components/schemas/U256"
    },
    "sponsor_for_collateral": {
      "title": "sponsor_for_collateral",
      "$ref": "#/components/schemas/RpcAddress"
    },
    "sponsor_for_gas": {
      "title": "sponsor_for_gas",
      "$ref": "#/components/schemas/RpcAddress"
    },
    "sponsor_gas_bound": {
      "title": "sponsor_gas_bound",
      "$ref": "#/components/schemas/U256"
    }
  }
}