{
  "type": "object",
  "properties": {
    "best_hash": {
      "title": "best_hash",
      "$ref": "#/components/schemas/H256"
    },
    "block_number": {
      "title": "block_number",
      "$ref": "#/components/schemas/U64"
    },
    "chain_id": {
      "title": "chain_id",
      "$ref": "#/components/schemas/U64"
    },
    "epoch_number": {
      "title": "epoch_number",
      "$ref": "#/components/schemas/U64"
    },
    "ethereum_space_chain_id": {
      "title": "ethereum_space_chain_id",
      "$ref": "#/components/schemas/U64"
    },
    "latest_checkpoint": {
      "title": "latest_checkpoint",
      "$ref": "#/components/schemas/U64"
    },
    "latest_confirmed": {
      "title": "latest_confirmed",
      "$ref": "#/components/schemas/U64"
    },
    "latest_finalized": {
      "title": "latest_finalized",
      "$ref": "#/components/schemas/U64"
    },
    "latest_state": {
      "title": "latest_state",
      "$ref": "#/components/schemas/U64"
    },
    "network_id": {
      "title": "network_id",
      "$ref": "#/components/schemas/U64"
    },
    "pending_tx_number": {
      "title": "pending_tx_number",
      "$ref": "#/components/schemas/U64"
    }
  }
}