{
  "type": "object",
  "properties": {
    "block_hash": {
      "nullable": true,
      "title": "block_hash",
      "$ref": "#/components/schemas/H256"
    },
    "chain_id": {
      "nullable": true,
      "title": "chain_id",
      "$ref": "#/components/schemas/U256"
    },
    "contract_created": {
      "nullable": true,
      "title": "contract_created",
      "$ref": "#/components/schemas/RpcAddress"
    },
    "data": {
      "title": "data",
      "$ref": "#/components/schemas/Bytes"
    },
    "epoch_height": {
      "title": "epoch_height",
      "$ref": "#/components/schemas/U256"
    },
    "from": {
      "title": "from",
      "$ref": "#/components/schemas/RpcAddress"
    },
    "gas": {
      "title": "gas",
      "$ref": "#/components/schemas/U256"
    },
    "gas_price": {
      "title": "gas_price",
      "$ref": "#/components/schemas/U256"
    },
    "hash": {
      "title": "hash",
      "$ref": "#/components/schemas/H256"
    },
    "nonce": {
      "title": "nonce",
      "$ref": "#/components/schemas/U256"
    },
    "r": {
      "title": "r",
      "$ref": "#/components/schemas/U256"
    },
    "s": {
      "title": "s",
      "$ref": "#/components/schemas/U256"
    },
    "space": {
      "nullable": true,
      "title": "space",
      "$ref": "#/components/schemas/cfx_types__Space"
    },
    "status": {
      "nullable": true,
      "title": "status",
      "$ref": "#/components/schemas/U64"
    },
    "storage_limit": {
      "title": "storage_limit",
      "$ref": "#/components/schemas/U256"
    },
    "to": {
      "nullable": true,
      "title": "to",
      "$ref": "#/components/schemas/RpcAddress"
    },
    "transaction_index": {
      "nullable": true,
      "title": "transaction_index",
      "$ref": "#/components/schemas/U64"
    },
    "v": {
      "title": "v",
      "$ref": "#/components/schemas/U256"
    },
    "value": {
      "title": "value",
      "$ref": "#/components/schemas/U256"
    }
  }
}