{
 "info": {
  "title": "Cfx",
  "description": " Cfx rpc interface.\n"
 },
 "methods": [
  {
   "name": "cfx_gasPrice",
   "summary": "/// Returns protocol version encoded as a string (quotes are\n    // necessary).        #[rpc(name = \"cfx_protocolVersion\")]\n    //        fn protocol_version(\u0026self) -\u003e JsonRpcResult\u003cString\u003e;\n    //\n    /// Returns the number of hashes per second that the node is mining with.\n    //        #[rpc(name = \"cfx_hashrate\")]\n    //        fn hashrate(\u0026self) -\u003e JsonRpcResult\u003cU256\u003e;\n\n    //        /// Returns block author.\n    //        #[rpc(name = \"cfx_coinbase\")]\n    //        fn author(\u0026self) -\u003e JsonRpcResult\u003cH160\u003e;\n\n    //        /// Returns true if client is actively mining new blocks.\n    //        #[rpc(name = \"cfx_mining\")]\n    //        fn is_mining(\u0026self) -\u003e JsonRpcResult\u003cbool\u003e;\n\n    /// Returns current gas price.\n    ",
   "result": {
    "schema": {
     "$ref": "#/components/schemas/cfx_types__U256"
    }
   }
  },
  {
   "name": "cfx_epochNumber",
   "summary": "/// Returns highest epoch number.\n    ",
   "params": [
    {
     "name": "epoch_number",
     "schema": {
      "$ref": "#/components/schemas/crate__rpc__types__EpochNumber"
     }
    }
   ],
   "result": {
    "schema": {
     "$ref": "#/components/schemas/cfx_types__U256"
    }
   }
  },
  {
   "name": "cfx_getBalance",
   "summary": "/// Returns balance of the given account.\n    ",
   "params": [
    {
     "name": "addr",
     "required": true,
     "schema": {
      "$ref": "#/components/schemas/crate__rpc__types__RpcAddress"
     }
    },
    {
     "name": "epoch_number",
     "schema": {
      "$ref": "#/components/schemas/crate__rpc__types__EpochNumber"
     }
    }
   ],
   "result": {
    "schema": {
     "$ref": "#/components/schemas/cfx_types__U256"
    }
   }
  },
  {
   "name": "cfx_getAdmin",
   "summary": "/// Returns admin of the given contract\n    ",
   "params": [
    {
     "name": "addr",
     "required": true,
     "schema": {
      "$ref": "#/components/schemas/crate__rpc__types__RpcAddress"
     }
    },
    {
     "name": "epoch_number",
     "schema": {
      "$ref": "#/components/schemas/crate__rpc__types__EpochNumber"
     }
    }
   ],
   "result": {
    "schema": {
     "$ref": "#/components/schemas/crate__rpc__types__RpcAddress"
    }
   }
  },
  {
   "name": "cfx_getSponsorInfo",
   "summary": "/// Returns sponsor information of the given contract\n    ",
   "params": [
    {
     "name": "addr",
     "required": true,
     "schema": {
      "$ref": "#/components/schemas/crate__rpc__types__RpcAddress"
     }
    },
    {
     "name": "epoch_number",
     "schema": {
      "$ref": "#/components/schemas/crate__rpc__types__EpochNumber"
     }
    }
   ],
   "result": {
    "schema": {
     "$ref": "#/components/schemas/crate__rpc__types__SponsorInfo"
    }
   }
  },
  {
   "name": "cfx_getStakingBalance",
   "summary": "/// Returns balance of the given account.\n    ",
   "params": [
    {
     "name": "addr",
     "required": true,
     "schema": {
      "$ref": "#/components/schemas/crate__rpc__types__RpcAddress"
     }
    },
    {
     "name": "epoch_number",
     "schema": {
      "$ref": "#/components/schemas/crate__rpc__types__EpochNumber"
     }
    }
   ],
   "result": {
    "schema": {
     "$ref": "#/components/schemas/cfx_types__U256"
    }
   }
  },
  {
   "name": "cfx_getDepositList",
   "summary": "/// Returns deposit list of the given account.\n    ",
   "params": [
    {
     "name": "addr",
     "required": true,
     "schema": {
      "$ref": "#/components/schemas/crate__rpc__types__RpcAddress"
     }
    },
    {
     "name": "epoch_number",
     "schema": {
      "$ref": "#/components/schemas/crate__rpc__types__EpochNumber"
     }
    }
   ],
   "result": {
    "schema": {
     "$ref": "#/components/schemas/primitives__DepositInfo"
    }
   }
  },
  {
   "name": "cfx_getVoteList",
   "summary": "/// Returns vote list of the given account.\n    ",
   "params": [
    {
     "name": "addr",
     "required": true,
     "schema": {
      "$ref": "#/components/schemas/crate__rpc__types__RpcAddress"
     }
    },
    {
     "name": "epoch_number",
     "schema": {
      "$ref": "#/components/schemas/crate__rpc__types__EpochNumber"
     }
    }
   ],
   "result": {
    "schema": {
     "$ref": "#/components/schemas/primitives__VoteStakeInfo"
    }
   }
  },
  {
   "name": "cfx_getCollateralForStorage",
   "summary": "/// Returns balance of the given account.\n    ",
   "params": [
    {
     "name": "addr",
     "required": true,
     "schema": {
      "$ref": "#/components/schemas/crate__rpc__types__RpcAddress"
     }
    },
    {
     "name": "epoch_number",
     "schema": {
      "$ref": "#/components/schemas/crate__rpc__types__EpochNumber"
     }
    }
   ],
   "result": {
    "schema": {
     "$ref": "#/components/schemas/cfx_types__U256"
    }
   }
  },
  {
   "name": "cfx_getCode",
   "summary": "/// Returns the code at given address at given time (epoch number).\n    ",
   "params": [
    {
     "name": "addr",
     "required": true,
     "schema": {
      "$ref": "#/components/schemas/crate__rpc__types__RpcAddress"
     }
    },
    {
     "name": "epoch_number",
     "schema": {
      "$ref": "#/components/schemas/crate__rpc__types__EpochNumber"
     }
    }
   ],
   "result": {
    "schema": {
     "$ref": "#/components/schemas/crate__rpc__types__Bytes"
    }
   }
  },
  {
   "name": "cfx_getStorageAt",
   "summary": "/// Returns storage entries from a given contract.\n    ",
   "params": [
    {
     "name": "addr",
     "required": true,
     "schema": {
      "$ref": "#/components/schemas/crate__rpc__types__RpcAddress"
     }
    },
    {
     "name": "pos",
     "required": true,
     "schema": {
      "$ref": "#/components/schemas/cfx_types__U256"
     }
    },
    {
     "name": "epoch_number",
     "schema": {
      "$ref": "#/components/schemas/crate__rpc__types__EpochNumber"
     }
    }
   ],
   "result": {
    "schema": {
     "$ref": "#/components/schemas/cfx_types__H256"
    }
   }
  },
  {
   "name": "cfx_getStorageRoot",
   "summary": "\n\n    ",
   "params": [
    {
     "name": "address",
     "required": true,
     "schema": {
      "$ref": "#/components/schemas/crate__rpc__types__RpcAddress"
     }
    },
    {
     "name": "epoch_num",
     "schema": {
      "$ref": "#/components/schemas/crate__rpc__types__EpochNumber"
     }
    }
   ],
   "result": {
    "schema": {
     "$ref": "#/components/schemas/primitives__StorageRoot"
    }
   }
  },
  {
   "name": "cfx_getBlockByHash",
   "summary": "/// Returns block with given hash.\n    ",
   "params": [
    {
     "name": "block_hash",
     "required": true,
     "schema": {
      "$ref": "#/components/schemas/cfx_types__H256"
     }
    },
    {
     "name": "include_txs",
     "required": true,
     "schema": {
      "$ref": "#/components/schemas/bool"
     }
    }
   ],
   "result": {
    "schema": {
     "$ref": "#/components/schemas/crate__rpc__types__Block"
    }
   }
  },
  {
   "name": "cfx_getBlockByHashWithPivotAssumption",
   "summary": "/// Returns block with given hash and pivot chain assumption.\n    ",
   "params": [
    {
     "name": "block_hash",
     "required": true,
     "schema": {
      "$ref": "#/components/schemas/cfx_types__H256"
     }
    },
    {
     "name": "pivot_hash",
     "required": true,
     "schema": {
      "$ref": "#/components/schemas/cfx_types__H256"
     }
    },
    {
     "name": "epoch_number",
     "required": true,
     "schema": {
      "$ref": "#/components/schemas/cfx_types__U64"
     }
    }
   ],
   "result": {
    "schema": {
     "$ref": "#/components/schemas/crate__rpc__types__Block"
    }
   }
  },
  {
   "name": "cfx_getBlockByEpochNumber",
   "summary": "/// Returns block with given epoch number.\n    ",
   "params": [
    {
     "name": "epoch_number",
     "required": true,
     "schema": {
      "$ref": "#/components/schemas/crate__rpc__types__EpochNumber"
     }
    },
    {
     "name": "include_txs",
     "required": true,
     "schema": {
      "$ref": "#/components/schemas/bool"
     }
    }
   ],
   "result": {
    "schema": {
     "$ref": "#/components/schemas/crate__rpc__types__Block"
    }
   }
  },
  {
   "name": "cfx_getBlockByBlockNumber",
   "summary": "/// Returns block with given block number.\n    ",
   "params": [
    {
     "name": "block_number",
     "required": true,
     "schema": {
      "$ref": "#/components/schemas/cfx_types__U64"
     }
    },
    {
     "name": "include_txs",
     "required": true,
     "schema": {
      "$ref": "#/components/schemas/bool"
     }
    }
   ],
   "result": {
    "schema": {
     "$ref": "#/components/schemas/crate__rpc__types__Block"
    }
   }
  },
  {
   "name": "cfx_getBestBlockHash",
   "summary": "/// Returns best block hash.\n    ",
   "result": {
    "schema": {
     "$ref": "#/components/schemas/cfx_types__H256"
    }
   }
  },
  {
   "name": "cfx_getNextNonce",
   "summary": "/// Returns the nonce should be filled in next sending transaction from\n    /// given address at given time (epoch number).\n    ",
   "params": [
    {
     "name": "addr",
     "required": true,
     "schema": {
      "$ref": "#/components/schemas/crate__rpc__types__RpcAddress"
     }
    },
    {
     "name": "epoch_number",
     "schema": {
      "$ref": "#/components/schemas/crate__rpc__types__BlockHashOrEpochNumber"
     }
    }
   ],
   "result": {
    "schema": {
     "$ref": "#/components/schemas/cfx_types__U256"
    }
   }
  },
  {
   "name": "cfx_sendRawTransaction",
   "summary": "/// Returns the number of transactions in a block with given hash.\n    //        #[rpc(name = \"cfx_getBlockTransactionCountByHash\")]\n    //        fn block_transaction_count_by_hash(\u0026self, H256) -\u003e\n    // BoxFuture\u003cOption\u003cU256\u003e\u003e;\n\n    //        /// Returns the number of transactions in a block with given block\n    // number.        #[rpc(name = \"cfx_getBlockTransactionCountByNumber\")]\n    //        fn block_trasaction_count_by_number(\u0026self, BlockNumber) -\u003e\n    // BoxFuture\u003cOption\u003cU256\u003e\u003e;\n\n    /// Sends signed transaction, returning its hash.\n    ",
   "params": [
    {
     "name": "raw_tx",
     "required": true,
     "schema": {
      "$ref": "#/components/schemas/crate__rpc__types__Bytes"
     }
    }
   ],
   "result": {
    "schema": {
     "$ref": "#/components/schemas/cfx_types__H256"
    }
   }
  },
  {
   "name": "cfx_call",
   "summary": "/// @alias of `cfx_sendRawTransaction`.\n    //        #[rpc(name = \"cfx_submitTransaction\")]\n    //        fn submit_transaction(\u0026self, Bytes) -\u003e JsonRpcResult\u003cH256\u003e;\n\n    /// Call contract, returning the output data.\n    ",
   "params": [
    {
     "name": "tx",
     "required": true,
     "schema": {
      "$ref": "#/components/schemas/crate__rpc__types__CallRequest"
     }
    },
    {
     "name": "epoch_number",
     "schema": {
      "$ref": "#/components/schemas/crate__rpc__types__EpochNumber"
     }
    }
   ],
   "result": {
    "schema": {
     "$ref": "#/components/schemas/crate__rpc__types__Bytes"
    }
   }
  },
  {
   "name": "cfx_getLogs",
   "summary": "/// Returns logs matching the filter provided.\n    ",
   "params": [
    {
     "name": "filter",
     "required": true,
     "schema": {
      "$ref": "#/components/schemas/crate__rpc__types__CfxRpcLogFilter"
     }
    }
   ],
   "result": {
    "schema": {
     "$ref": "#/components/schemas/crate__rpc__types__Log"
    }
   }
  },
  {
   "name": "cfx_getTransactionByHash",
   "summary": "/// Get transaction by its hash.\n    ",
   "params": [
    {
     "name": "tx_hash",
     "required": true,
     "schema": {
      "$ref": "#/components/schemas/cfx_types__H256"
     }
    }
   ],
   "result": {
    "schema": {
     "$ref": "#/components/schemas/crate__rpc__types__Transaction"
    }
   }
  },
  {
   "name": "cfx_getAccountPendingInfo",
   "summary": "/// Get transaction pending info by account address\n    ",
   "params": [
    {
     "name": "address",
     "required": true,
     "schema": {
      "$ref": "#/components/schemas/crate__rpc__types__RpcAddress"
     }
    }
   ],
   "result": {
    "schema": {
     "$ref": "#/components/schemas/crate__rpc__types__AccountPendingInfo"
    }
   }
  },
  {
   "name": "cfx_getAccountPendingTransactions",
   "summary": "/// Get transaction pending info by account address\n    ",
   "params": [
    {
     "name": "address",
     "required": true,
     "schema": {
      "$ref": "#/components/schemas/crate__rpc__types__RpcAddress"
     }
    },
    {
     "name": "maybe_start_nonce",
     "schema": {
      "$ref": "#/components/schemas/cfx_types__U256"
     }
    },
    {
     "name": "maybe_limit",
     "schema": {
      "$ref": "#/components/schemas/cfx_types__U64"
     }
    }
   ],
   "result": {
    "schema": {
     "$ref": "#/components/schemas/crate__rpc__types__AccountPendingTransactions"
    }
   }
  },
  {
   "name": "cfx_estimateGasAndCollateral",
   "summary": "/// Return estimated gas and collateral usage.\n    ",
   "params": [
    {
     "name": "request",
     "required": true,
     "schema": {
      "$ref": "#/components/schemas/crate__rpc__types__CallRequest"
     }
    },
    {
     "name": "epoch_number",
     "schema": {
      "$ref": "#/components/schemas/crate__rpc__types__EpochNumber"
     }
    }
   ],
   "result": {
    "schema": {
     "$ref": "#/components/schemas/crate__rpc__types__EstimateGasAndCollateralResponse"
    }
   }
  },
  {
   "name": "cfx_checkBalanceAgainstTransaction",
   "summary": "/// Check if user balance is enough for the transaction.\n    ",
   "params": [
    {
     "name": "account_addr",
     "required": true,
     "schema": {
      "$ref": "#/components/schemas/crate__rpc__types__RpcAddress"
     }
    },
    {
     "name": "contract_addr",
     "required": true,
     "schema": {
      "$ref": "#/components/schemas/crate__rpc__types__RpcAddress"
     }
    },
    {
     "name": "gas_limit",
     "required": true,
     "schema": {
      "$ref": "#/components/schemas/cfx_types__U256"
     }
    },
    {
     "name": "gas_price",
     "required": true,
     "schema": {
      "$ref": "#/components/schemas/cfx_types__U256"
     }
    },
    {
     "name": "storage_limit",
     "required": true,
     "schema": {
      "$ref": "#/components/schemas/cfx_types__U256"
     }
    },
    {
     "name": "epoch",
     "schema": {
      "$ref": "#/components/schemas/crate__rpc__types__EpochNumber"
     }
    }
   ],
   "result": {
    "schema": {
     "$ref": "#/components/schemas/crate__rpc__types__CheckBalanceAgainstTransactionResponse"
    }
   }
  },
  {
   "name": "cfx_getBlocksByEpoch",
   "summary": "\n\n    ",
   "params": [
    {
     "name": "epoch_number",
     "required": true,
     "schema": {
      "$ref": "#/components/schemas/crate__rpc__types__EpochNumber"
     }
    }
   ],
   "result": {
    "schema": {
     "$ref": "#/components/schemas/cfx_types__H256"
    }
   }
  },
  {
   "name": "cfx_getSkippedBlocksByEpoch",
   "summary": "\n\n    ",
   "params": [
    {
     "name": "epoch_number",
     "required": true,
     "schema": {
      "$ref": "#/components/schemas/crate__rpc__types__EpochNumber"
     }
    }
   ],
   "result": {
    "schema": {
     "$ref": "#/components/schemas/cfx_types__H256"
    }
   }
  },
  {
   "name": "cfx_getTransactionReceipt",
   "summary": "\n\n    ",
   "params": [
    {
     "name": "tx_hash",
     "required": true,
     "schema": {
      "$ref": "#/components/schemas/cfx_types__H256"
     }
    }
   ],
   "result": {
    "schema": {
     "$ref": "#/components/schemas/crate__rpc__types__Receipt"
    }
   }
  },
  {
   "name": "cfx_getAccount",
   "summary": "/// Return account related states of the given account\n    ",
   "params": [
    {
     "name": "address",
     "required": true,
     "schema": {
      "$ref": "#/components/schemas/crate__rpc__types__RpcAddress"
     }
    },
    {
     "name": "epoch_num",
     "schema": {
      "$ref": "#/components/schemas/crate__rpc__types__EpochNumber"
     }
    }
   ],
   "result": {
    "schema": {
     "$ref": "#/components/schemas/crate__rpc__types__Account"
    }
   }
  },
  {
   "name": "cfx_getInterestRate",
   "summary": "/// Returns interest rate of the given epoch\n    ",
   "params": [
    {
     "name": "epoch_number",
     "schema": {
      "$ref": "#/components/schemas/crate__rpc__types__EpochNumber"
     }
    }
   ],
   "result": {
    "schema": {
     "$ref": "#/components/schemas/cfx_types__U256"
    }
   }
  },
  {
   "name": "cfx_getAccumulateInterestRate",
   "summary": "/// Returns accumulate interest rate of the given epoch\n    ",
   "params": [
    {
     "name": "epoch_number",
     "schema": {
      "$ref": "#/components/schemas/crate__rpc__types__EpochNumber"
     }
    }
   ],
   "result": {
    "schema": {
     "$ref": "#/components/schemas/cfx_types__U256"
    }
   }
  },
  {
   "name": "cfx_getPoSEconomics",
   "summary": "/// Returns accumulate interest rate of the given epoch\n    ",
   "params": [
    {
     "name": "epoch_number",
     "schema": {
      "$ref": "#/components/schemas/crate__rpc__types__EpochNumber"
     }
    }
   ],
   "result": {
    "schema": {
     "$ref": "#/components/schemas/crate__rpc__types__PoSEconomics"
    }
   }
  },
  {
   "name": "cfx_getConfirmationRiskByHash",
   "summary": "\n\n    ",
   "params": [
    {
     "name": "block_hash",
     "required": true,
     "schema": {
      "$ref": "#/components/schemas/cfx_types__H256"
     }
    }
   ],
   "result": {
    "schema": {
     "$ref": "#/components/schemas/cfx_types__U256"
    }
   }
  },
  {
   "name": "cfx_getStatus",
   "summary": "\n\n    ",
   "result": {
    "schema": {
     "$ref": "#/components/schemas/crate__rpc__types__Status"
    }
   }
  },
  {
   "name": "cfx_getBlockRewardInfo",
   "summary": "/// Returns block reward information in an epoch\n    ",
   "params": [
    {
     "name": "num",
     "required": true,
     "schema": {
      "$ref": "#/components/schemas/crate__rpc__types__EpochNumber"
     }
    }
   ],
   "result": {
    "schema": {
     "$ref": "#/components/schemas/crate__rpc__types__RewardInfo"
    }
   }
  },
  {
   "name": "cfx_clientVersion",
   "summary": "/// Return the client version as a string\n    ",
   "result": {
    "schema": {
     "$ref": "#/components/schemas/String"
    }
   }
  },
  {
   "name": "cfx_getSupplyInfo",
   "summary": "/// Return information about total token supply.\n    ",
   "params": [
    {
     "name": "epoch_number",
     "schema": {
      "$ref": "#/components/schemas/crate__rpc__types__EpochNumber"
     }
    }
   ],
   "result": {
    "schema": {
     "$ref": "#/components/schemas/crate__rpc__types__TokenSupplyInfo"
    }
   }
  },
  {
   "name": "cfx_openedMethodGroups",
   "summary": "\n\n    ",
   "result": {
    "schema": {
     "$ref": "#/components/schemas/String"
    }
   }
  },
  {
   "name": "cfx_getPoSRewardByEpoch",
   "summary": "\n\n    ",
   "params": [
    {
     "name": "epoch",
     "required": true,
     "schema": {
      "$ref": "#/components/schemas/crate__rpc__types__EpochNumber"
     }
    }
   ],
   "result": {
    "schema": {
     "$ref": "#/components/schemas/crate__rpc__types__pos__PoSEpochReward"
    }
   }
  }
 ]
}