{
 "info": {
  "title": "Pos",
  "description": " PoS specific rpc interface.\n"
 },
 "methods": [
  {
   "name": "pos_getStatus",
   "summary": "\n    ",
   "result": {
    "schema": {
     "$ref": "#/components/schemas/crate__rpc__types__pos__Status"
    }
   }
  },
  {
   "name": "pos_getAccount",
   "summary": "\n\n    ",
   "params": [
    {
     "name": "address",
     "required": true,
     "schema": {
      "$ref": "#/components/schemas/cfx_types__H256"
     }
    },
    {
     "name": "view",
     "schema": {
      "$ref": "#/components/schemas/cfx_types__U64"
     }
    }
   ],
   "result": {
    "schema": {
     "$ref": "#/components/schemas/crate__rpc__types__pos__Account"
    }
   }
  },
  {
   "name": "pos_getCommittee",
   "summary": "\n\n    ",
   "params": [
    {
     "name": "view",
     "schema": {
      "$ref": "#/components/schemas/cfx_types__U64"
     }
    }
   ],
   "result": {
    "schema": {
     "$ref": "#/components/schemas/crate__rpc__types__pos__CommitteeState"
    }
   }
  },
  {
   "name": "pos_getBlockByHash",
   "summary": "\n\n    ",
   "params": [
    {
     "name": "hash",
     "required": true,
     "schema": {
      "$ref": "#/components/schemas/cfx_types__H256"
     }
    }
   ],
   "result": {
    "schema": {
     "$ref": "#/components/schemas/crate__rpc__types__pos__Block"
    }
   }
  },
  {
   "name": "pos_getBlockByNumber",
   "summary": "\n\n    ",
   "params": [
    {
     "name": "number",
     "required": true,
     "schema": {
      "$ref": "#/components/schemas/crate__rpc__types__pos__BlockNumber"
     }
    }
   ],
   "result": {
    "schema": {
     "$ref": "#/components/schemas/crate__rpc__types__pos__Block"
    }
   }
  },
  {
   "name": "pos_getTransactionByNumber",
   "summary": "\n\n    ",
   "params": [
    {
     "name": "number",
     "required": true,
     "schema": {
      "$ref": "#/components/schemas/cfx_types__U64"
     }
    }
   ],
   "result": {
    "schema": {
     "$ref": "#/components/schemas/crate__rpc__types__pos__Transaction"
    }
   }
  },
  {
   "name": "pos_getConsensusBlocks",
   "summary": "\n    ",
   "result": {
    "schema": {
     "$ref": "#/components/schemas/crate__rpc__types__pos__Block"
    }
   }
  },
  {
   "name": "pos_getEpochState",
   "summary": "\n    ",
   "params": [
    {
     "name": "epoch",
     "required": true,
     "schema": {
      "$ref": "#/components/schemas/cfx_types__U64"
     }
    }
   ],
   "result": {
    "schema": {
     "$ref": "#/components/schemas/diem_types__epoch_state__EpochState"
    }
   }
  },
  {
   "name": "pos_getLedgerInfoByEpoch",
   "summary": "\n    ",
   "params": [
    {
     "name": "epoch",
     "required": true,
     "schema": {
      "$ref": "#/components/schemas/cfx_types__U64"
     }
    }
   ],
   "result": {
    "schema": {
     "$ref": "#/components/schemas/diem_types__ledger_info__LedgerInfoWithSignatures"
    }
   }
  },
  {
   "name": "pos_getLedgerInfosByEpoch",
   "summary": "\n    ",
   "params": [
    {
     "name": "start_epoch",
     "required": true,
     "schema": {
      "$ref": "#/components/schemas/cfx_types__U64"
     }
    },
    {
     "name": "end_epoch",
     "required": true,
     "schema": {
      "$ref": "#/components/schemas/cfx_types__U64"
     }
    }
   ],
   "result": {
    "schema": {
     "$ref": "#/components/schemas/diem_types__ledger_info__LedgerInfoWithSignatures"
    }
   }
  },
  {
   "name": "pos_getRewardsByEpoch",
   "summary": "\n\n    ",
   "params": [
    {
     "name": "epoch",
     "required": true,
     "schema": {
      "$ref": "#/components/schemas/cfx_types__U64"
     }
    }
   ],
   "result": {
    "schema": {
     "$ref": "#/components/schemas/crate__rpc__types__pos__PoSEpochReward"
    }
   }
  }
 ]
}