{
  "type": "object",
  "properties": {
    "address": {
      "title": "address",
      "$ref": "#/components/schemas/H256"
    },
    "bls_public_key": {
      "title": "bls_public_key",
      "$ref": "#/components/schemas/String"
    },
    "conflicting_votes": {
      "title": "conflicting_votes",
      "$ref": "#/components/schemas/crate__rpc__types__pos__ConflictingVotes"
    },
    "vrf_public_key": {
      "title": "vrf_public_key",
      "$ref": "#/components/schemas/String"
    }
  }
}