{
  "type": "object",
  "properties": {
    "available_votes": {
      "title": "available_votes",
      "$ref": "#/components/schemas/U64"
    },
    "force_retired": {
      "nullable": true,
      "title": "force_retired",
      "$ref": "#/components/schemas/U64"
    },
    "forfeited": {
      "title": "forfeited",
      "$ref": "#/components/schemas/U64"
    },
    "in_queue": {
      "title": "in_queue",
      "items": {
        "title": "VotePowerState",
        "$ref": "#/components/schemas/crate__rpc__types__pos__VotePowerState"
      }
    },
    "locked": {
      "title": "locked",
      "$ref": "#/components/schemas/U64"
    },
    "out_queue": {
      "title": "out_queue",
      "items": {
        "title": "VotePowerState",
        "$ref": "#/components/schemas/crate__rpc__types__pos__VotePowerState"
      }
    },
    "unlocked": {
      "title": "unlocked",
      "$ref": "#/components/schemas/U64"
    }
  }
}