{
  "type": "object",
  "properties": {
    "epoch_number": {
      "title": "epoch_number",
      "$ref": "#/components/schemas/U64"
    },
    "nodes": {
      "title": "nodes",
      "items": {
        "title": "NodeVotingPower",
        "$ref": "#/components/schemas/crate__rpc__types__pos__NodeVotingPower"
      }
    },
    "quorum_voting_power": {
      "title": "quorum_voting_power",
      "$ref": "#/components/schemas/U64"
    },
    "total_voting_power": {
      "title": "total_voting_power",
      "$ref": "#/components/schemas/U64"
    }
  }
}