{
  "enum": [
    "Other"
  ],
  "oneOf": [
    {
      "title": "RegisterPayload",
      "$ref": "#/components/schemas/crate__rpc__types__pos__RegisterPayload"
    },
    {
      "title": "ElectionPayload",
      "$ref": "#/components/schemas/crate__rpc__types__pos__ElectionPayload"
    },
    {
      "title": "UpdateVotingPowerPayload",
      "$ref": "#/components/schemas/crate__rpc__types__pos__UpdateVotingPowerPayload"
    },
    {
      "title": "PivotDecisionPayload",
      "$ref": "#/components/schemas/crate__rpc__types__pos__PivotDecisionPayload"
    },
    {
      "title": "RetirePayload",
      "$ref": "#/components/schemas/crate__rpc__types__pos__RetirePayload"
    },
    {
      "title": "DisputePayload",
      "$ref": "#/components/schemas/crate__rpc__types__pos__DisputePayload"
    }
  ]
}