{
  "type": "object",
  "properties": {
    "epoch": {
      "title": "epoch",
      "$ref": "#/components/schemas/U64"
    },
    "latest_committed": {
      "title": "latest_committed",
      "$ref": "#/components/schemas/U64"
    },
    "latest_tx_number": {
      "title": "latest_tx_number",
      "$ref": "#/components/schemas/U64"
    },
    "latest_voted": {
      "nullable": true,
      "title": "latest_voted",
      "$ref": "#/components/schemas/U64"
    },
    "pivot_decision": {
      "title": "pivot_decision",
      "$ref": "#/components/schemas/super__Decision"
    }
  }
}