{
  "type": "object",
  "properties": {
    "block_hash": {
      "nullable": true,
      "title": "block_hash",
      "$ref": "#/components/schemas/H256"
    },
    "block_number": {
      "nullable": true,
      "title": "block_number",
      "$ref": "#/components/schemas/U64"
    },
    "from": {
      "title": "from",
      "$ref": "#/components/schemas/H256"
    },
    "hash": {
      "title": "hash",
      "$ref": "#/components/schemas/H256"
    },
    "number": {
      "title": "number",
      "$ref": "#/components/schemas/U64"
    },
    "payload": {
      "nullable": true,
      "title": "payload",
      "$ref": "#/components/schemas/crate__rpc__types__pos__RpcTransactionPayload"
    },
    "status": {
      "nullable": true,
      "title": "status",
      "$ref": "#/components/schemas/crate__rpc__types__pos__RpcTransactionStatus"
    },
    "timestamp": {
      "nullable": true,
      "title": "timestamp",
      "$ref": "#/components/schemas/U64"
    },
    "tx_type": {
      "title": "tx_type",
      "$ref": "#/components/schemas/crate__rpc__types__pos__RpcTransactionType"
    }
  }
}